<?xml version="1.0" encoding="utf-8"?>
<odoo>

    <record forcecreate="True" id="currency_rate_precision" model="decimal.precision">
        <field name="name">Currency Rate Precision</field>
        <field name="digits">15</field>
    </record>
    <record id="currency_crc_rate_cron" model="ir.cron">
        <field name="name">ODOOCR: Currency CRC Rate Update</field>
        <field name="model_id" ref="model_res_currency_rate"/>
        <field name="state">code</field>
        <field name="code">model._cron_update()</field>
        <field name="interval_number">1</field>
        <field name="interval_type">days</field>
        <field name="numbercall">-1</field>
        <field name="nextcall" eval="(datetime.today() + timedelta(days=1)).strftime('%Y-%m-%d 13:00:00')"></field>
        <field name="doall" eval="False"/>
    </record>
    <record id="create_missing_exchange_rate_cron" model="ir.cron">
        <field name="name">ODOOCR: Create Missing Exchange Rate</field>
        <field name="model_id" ref="model_res_currency"/>
        <field name="state">code</field>
        <field name="code">model._cron_create_missing_exchange_rates()</field>
        <field name="interval_number">1</field>
        <field name="interval_type">days</field>
        <field name="numbercall">-1</field>
        <field name="doall" eval="False"/>
        <field name="active" eval="False"/>
    </record>

</odoo>
