<?xml version="1.0" encoding="utf-8"?>
<odoo>
    <!-- PRIMERO DESACTIVAMOS EL NO UPDATE -->
    <function name="write" model="ir.model.data">
        <function name="search" model="ir.model.data">
            <value eval="[('module', '=', 'base'), ('name', '=', 'cr'), ('model', '=', 'res.country')]" />
        </function>
        <value eval="{'noupdate': False}" />
    </function>

    <!-- MODIFICAMOS LOS DATOS -->

    <record id="base.cr" model="res.country">
        <field name="name">Costa Rica</field>
        <field name="code">CR</field>
        <field name="currency_id" ref="base.CRC" />
        <field eval="506" name="phone_code" />
        <field name="vat_label">Identificación</field>
        <field name="address_format">%(street)s
%(street2)s
%(city)s - %(state_name)s / %(zip)s
%(country_name)s</field>
    </record>

    <!-- AL FINAL ACTIVAMOS EL NO UPDATE -->

    <function name="write" model="ir.model.data">
        <function name="search" model="ir.model.data">
            <value eval="[('module', '=', 'base'), ('name', '=', 'cr'), ('model', '=', 'res.country')]" />
        </function>
        <value eval="{'noupdate': True}" />
    </function>

    <record id="base.state_SJ" model="res.country.state">
        <field name="code">1</field>
    </record>
    <record id="base.state_A" model="res.country.state">
        <field name="code">2</field>
    </record>
    <record id="base.state_C" model="res.country.state">
        <field name="code">3</field>
    </record>
    <record id="base.state_H" model="res.country.state">
        <field name="code">4</field>
    </record>
    <record id="base.state_G" model="res.country.state">
        <field name="code">5</field>
    </record>
    <record id="base.state_P" model="res.country.state">
        <field name="code">6</field>
    </record>
    <record id="base.state_L" model="res.country.state">
        <field name="code">7</field>
    </record>
</odoo>
