id,name,model_id:id,group_id:id,perm_read,perm_write,perm_create,perm_unlink
access_ResCountryCounty,res.country.county,model_res_country_county,base.group_user,1,0,0,0
access_ResCountryDistrict,res.country.district,model_res_country_district,base.group_user,1,0,0,0
access_ResCountryNeighborhood,res.country.neighborhood,model_res_country_neighborhood,base.group_user,1,0,0,0
access_ResCountryCountyAll,res.country.county.all,model_res_country_county,base.group_system,1,0,0,0
access_ResCountryDistrictAll,res.country.district.all,model_res_country_district,base.group_system,1,0,0,0
access_ResCountryNeighborhoodAll,res.country.neighborhood.all,model_res_country_neighborhood,base.group_system,1,0,0,0
