<?xml version="1.0" encoding="UTF-8"?>

<templates id="template" xml:space="preserve">

    <t t-name="ClientDetailsEdit" t-inherit="point_of_sale.ClientDetailsEdit" t-inherit-mode="extension" owl="1">

        <xpath expr="//div[hasclass('client-details-left')]" position="replace">
            <div class="client-details-left">
                <div class="client-detail">
                    <span class="label">Street</span>
                    <input class="detail client-address-street" name="street"
                            t-on-change="captureChange" t-att-value="props.partner.street || ''"
                            placeholder="Street" />
                </div>
                <div class="client-detail">
                    <span class="label">City</span>
                    <input class="detail client-address-city" name="city"
                            t-on-change="captureChange" t-att-value="props.partner.city || ''"
                            placeholder="City" />
                </div>
                <div class="client-detail">
                    <span class="label">District</span>
                    <select class="detail" name="district_id" t-on-change="captureChange">
                    </select>
                </div>

                <div class="client-detail">
                    <span class="label">County</span>
                    <select class="detail" name="county_id" t-on-change="onchange_county">
                    </select>
                </div>

                <div class="client-detail">
                    <span class="label">State</span>
                    <select class="detail" name="state_id"
                            t-on-change="onchange_state">
                    </select>
                </div>
                <div class="client-detail">
                    <span class="label">Country</span>
                    <select class="detail client-address-country needsclick" name="country_id"
                            t-on-change="onchange_country">
                        <option value="">None</option>
                        <t t-foreach="env.pos.countries" t-as="country" t-key="country.id">
                            <option t-att-value="country.id">
                                <t t-esc="country.name" />
                            </option>
                        </t>
                    </select>
                </div>
            </div>
        </xpath>

        <xpath expr="//div[hasclass('client-details-right')]" position="replace">
            <div class="client-details-right">
                    <div class="client-detail">
                        <span class="label">Language</span>
                        <select class="detail client-lang needsclick" name="lang"
                                t-on-change="captureChange">
                            <t t-foreach="env.pos.langs" t-as="lang" t-key="lang.id">
                                <option t-att-value="lang.code"
                                        t-att-selected="props.partner.lang ? ((lang.code === props.partner.lang) ? true : undefined) : lang.code === env.pos.user.lang? true : undefined">
                                    <t t-esc="lang.name" />
                                </option>
                            </t>
                        </select>
                    </div>
                    <div class="client-detail">
                        <span class="label">Email</span>
                        <input class="detail client-email" name="email" type="email"
                               t-on-change="captureChange"
                               t-att-value="props.partner.email || ''" />
                    </div>
                    <div class="client-detail">
                        <span class="label">Phone</span>
                        <input class="detail client-phone" name="phone" type="tel"
                               t-on-change="captureChange"
                               t-att-value="props.partner.phone || ''" />
                    </div>
                    <div class="client-detail" hidden="hidden">
                        <span class="label" hidden="hidden">Barcode</span>
                        <input class="detail barcode" name="barcode" t-on-change="captureChange"
                               t-att-value="props.partner.barcode || ''" hidden="hidden"/>
                    </div>
                    <div class="client-detail">
                        <span class="label">ID</span>
                        <input class="detail vat" name="vat"  t-on-change="obtener_nombre"
                               t-att-value="props.partner.vat || ''" />
                        <input class="detail" id="identification_id" hidden="hidden" name="identification_id"  t-att-value="ninguno"/>
                    </div>
                    <div t-if="env.pos.pricelists.length gt 1" class="client-detail">
                        <span class="label">Pricelist</span>
                        <select class="detail needsclick" name="property_product_pricelist"
                                t-on-change="captureChange">
                            <t t-foreach="env.pos.pricelists" t-as="pricelist"
                               t-key="pricelist.id">
                                <option t-att-value="pricelist.id"
                                        t-att-selected="props.partner.property_product_pricelist ? (pricelist.id === props.partner.property_product_pricelist[0] ? true : false) : false">
                                    <t t-esc="pricelist.display_name" />
                                </option>
                            </t>
                        </select>
                    </div>
                </div>
        </xpath>

    </t>

</templates>
